company	title	url	result
Cisco	Product Manager	https://www.linkedin.com/jobs/view/4457502833	below-3.0
Intuitive	Senior Product Manager, Telepresence	https://www.linkedin.com/jobs/view/4419483111	below-3.0
Walmart	(USA) Staff, Product Manager	https://www.linkedin.com/jobs/view/4452530142	below-3.0
Zeitview	Senior Product Manager - Asset Insights	https://www.linkedin.com/jobs/view/4475347224	below-3.0
Mercury	Product Marketing Lead - Growth & Revenue	https://www.linkedin.com/jobs/view/4464253674	below-3.0
Google	Senior Strategy and Operations Manager, Global Ads and Commerce Marketing	https://www.linkedin.com/jobs/view/4464189950	below-3.0
Google	Senior Strategy and Operations Manager, Global Ads and Commerce Marketing	https://www.linkedin.com/jobs/view/4464197794	below-3.0
BlackRock	Associate, Product Manager	https://zapply.jobs/l/d/workday-blackrock-blackrock-professional-R266683?s=gh-new-grad-jobs-2027	below-3.0
Intuit	Product Manager 2 - Rotational Product Management (RPM) Program	https://jobs.intuit.com/job/mountain-view/product-manager-2-rotational-product-management-rpm-program/27595/101456093584	below-3.0
Coinbase	Group Product Manager, Customer Engagement & Experience	https://www.coinbase.com/careers/positions/8247881?gh_jid=8247881	below-3.0
Baseten	Field Marketing Manager (SF)	https://jobs.ashbyhq.com/baseten/2c7a4042-6c6b-4059-bfdb-7fa987326edb	below-3.0
