company	title	url	tracker_row
Gushwork	Growth - Founder's Office	https://www.instahyre.com/job-394118-growth-founders-office-at-gushwork-bangalore/	603
Brex	Staff Product Manager, Growth	https://www.brex.com/careers/8436527002?gh_jid=8436527002	606
Canva	GTM Strategy & Operations Lead, Americas	https://api.smartrecruiters.com/v1/companies/canva/postings/6000000001408617	607
Vercel	Product Manager, Compute	https://job-boards.greenhouse.io/vercel/jobs/6209001004	608
WorkOS	Growth Marketing Generalist	https://jobs.ashbyhq.com/workos/011ad0a0-33dd-45df-a676-adfddafbd6b1	612
Stryker	Global Product Manager - Remote	https://www.linkedin.com/jobs/view/4471554570	613
a consumer fintech startup	CoS + Founder's Office	https://www.linkedin.com/posts/sonisha-kukreja_shot-at-building-a-100bn-consumer-fintech-activity-7495430035118551040-NpaW	615
Hunger Inc.	Chief of Staff, New Store Development & Expansion	https://www.linkedin.com/posts/hunger-inc-hospitality_hungerinc-hiring-wearehiring-activity-7498261774341861376-X-Ry	617
Human Archive (YC W26)	Chief of Staff	https://www.linkedin.com/posts/rushilagarwal261205_chief-of-staff-activity-7495391782067777536-Styw	618
Plaid	Product Manager, Privacy & Data Governance	https://jobs.ashbyhq.com/plaid/60597a34-79d5-45ac-a0c8-b3340fa88b95	619
