# report	pdf	html	format	date — written by generate-pdf.mjs, do not edit
	output/ScaleAI/enterprise-deal-desk-analyst/CoverLetter_ScaleAI_EnterpriseDealDeskAnalyst.pdf	output/ScaleAI/enterprise-deal-desk-analyst/CoverLetter_ScaleAI_EnterpriseDealDeskAnalyst.html	letter	2026-09-21
	output/Affirm/revops-lead-san-jose/CoverLetter_Affirm_RevOpsLeadSanJose.pdf	output/Affirm/revops-lead-san-jose/CoverLetter_Affirm_RevOpsLeadSanJose.html	letter	2026-09-21
	output/Sierra/business-value-strategy-and-operations/Adhithya_Rokhith_Sierra_BusinessValueStrategyOps.pdf	output/Sierra/business-value-strategy-and-operations/Adhithya_Rokhith_Sierra_BusinessValueStrategyOps.html	letter	2026-09-22
	output/Sierra/business-value-strategy-and-operations/CoverLetter_Sierra_BusinessValueStrategyOps.pdf	output/Sierra/business-value-strategy-and-operations/CoverLetter_Sierra_BusinessValueStrategyOps.html	a4	2026-09-22
	output/Visa/strategy-associate-cross-border/Adhithya_Rokhith_Visa_StrategyAssociateCrossBorder.pdf	output/Visa/strategy-associate-cross-border/Adhithya_Rokhith_Visa_StrategyAssociateCrossBorder.html	letter	2026-09-22
	output/Visa/strategy-associate-cross-border/CoverLetter_Visa_StrategyAssociateCrossBorder.pdf	output/Visa/strategy-associate-cross-border/CoverLetter_Visa_StrategyAssociateCrossBorder.html	letter	2026-09-22
	output/Revolut/entrepreneur-in-residence/CoverLetter_Revolut_EntrepreneurInResidence.pdf	output/Revolut/entrepreneur-in-residence/CoverLetter_Revolut_EntrepreneurInResidence.html	letter	2026-09-22
	output/Revolut/entrepreneur-in-residence/Adhithya_Rokhith_Revolut_EntrepreneurInResidence.pdf	output/Revolut/entrepreneur-in-residence/Adhithya_Rokhith_Revolut_EntrepreneurInResidence.html	letter	2026-09-22
	output/Deputy/senior-regional-marketing-manager/Adhithya_Rokhith_Deputy_SrRegionalMarketingManager.pdf	output/Deputy/senior-regional-marketing-manager/Adhithya_Rokhith_Deputy_SrRegionalMarketingManager.html	letter	2026-09-22
	output/Deputy/senior-regional-marketing-manager/CoverLetter_Deputy_SrRegionalMarketingManager.pdf	output/Deputy/senior-regional-marketing-manager/CoverLetter_Deputy_SrRegionalMarketingManager.html	letter	2026-09-22
	output/Airwallex/growth-strategy-ops-experiments-campaigns/Adhithya_Rokhith_Airwallex_GrowthStrategyOps.pdf	output/Airwallex/growth-strategy-ops-experiments-campaigns/Adhithya_Rokhith_Airwallex_GrowthStrategyOps.html	letter	2026-09-22
	output/Airwallex/growth-strategy-ops-experiments-campaigns/CoverLetter_Airwallex_GrowthStrategyOps.pdf	output/Airwallex/growth-strategy-ops-experiments-campaigns/CoverLetter_Airwallex_GrowthStrategyOps.html	letter	2026-09-22
	output/Flam/founders-office-generalist/CoverLetter_Flam_FoundersOfficeGeneralist.pdf	output/Flam/founders-office-generalist/CoverLetter_Flam_FoundersOfficeGeneralist.html	letter	2026-09-22
	output/Flam/founders-office-generalist/Adhithya_Rokhith_Flam_FoundersOfficeGeneralist.pdf	output/Flam/founders-office-generalist/Adhithya_Rokhith_Flam_FoundersOfficeGeneralist.html	letter	2026-09-22
	output/Zuora/sr-analyst-revops-analytics/CoverLetter_Zuora_SrAnalystRevOpsAnalytics.pdf	output/Zuora/sr-analyst-revops-analytics/CoverLetter_Zuora_SrAnalystRevOpsAnalytics.html	letter	2026-09-22
	output/Zuora/sr-analyst-revops-analytics/Adhithya_Rokhith_Zuora_SrAnalystRevOpsAnalytics.pdf	output/Zuora/sr-analyst-revops-analytics/Adhithya_Rokhith_Zuora_SrAnalystRevOpsAnalytics.html	letter	2026-09-22
	output/Druva/deal-desk-analyst/Adhithya_Rokhith_Druva_DealDeskAnalyst.pdf	output/Druva/deal-desk-analyst/Adhithya_Rokhith_Druva_DealDeskAnalyst.html	letter	2026-09-22
	output/Druva/deal-desk-analyst/CoverLetter_Druva_DealDeskAnalyst.pdf	output/Druva/deal-desk-analyst/CoverLetter_Druva_DealDeskAnalyst.html	letter	2026-09-22
	output/Avathon/pm-energy-critical-resources/CoverLetter_Avathon_PMEnergyCriticalResources.pdf	output/Avathon/pm-energy-critical-resources/CoverLetter_Avathon_PMEnergyCriticalResources.html	letter	2026-09-22
	output/Avathon/pm-energy-critical-resources/Adhithya_Rokhith_Avathon_PMEnergyCriticalResources.pdf	output/Avathon/pm-energy-critical-resources/Adhithya_Rokhith_Avathon_PMEnergyCriticalResources.html	letter	2026-09-22
	output/Apollo-io/sr-pm-expansion/Adhithya_Rokhith_ApolloIo_SrPMExpansion.pdf	output/Apollo-io/sr-pm-expansion/Adhithya_Rokhith_ApolloIo_SrPMExpansion.html	letter	2026-09-22
	output/Apollo-io/sr-pm-expansion/CoverLetter_ApolloIo_SrPMExpansion.pdf	output/Apollo-io/sr-pm-expansion/CoverLetter_ApolloIo_SrPMExpansion.html	letter	2026-09-22
	output/TogetherAI/associate-infrastructure-strategy-ops/CoverLetter_TogetherAI_AssociateInfraStrategyOps.pdf	output/TogetherAI/associate-infrastructure-strategy-ops/CoverLetter_TogetherAI_AssociateInfraStrategyOps.html	letter	2026-09-22
	output/TogetherAI/associate-infrastructure-strategy-ops/Adhithya_Rokhith_TogetherAI_AssociateInfraStrategyOps.pdf	output/TogetherAI/associate-infrastructure-strategy-ops/Adhithya_Rokhith_TogetherAI_AssociateInfraStrategyOps.html	letter	2026-09-22
	output/Snapmint/strategy-business-operations/CoverLetter_Snapmint_StrategyBusinessOps.pdf	output/Snapmint/strategy-business-operations/CoverLetter_Snapmint_StrategyBusinessOps.html	letter	2026-09-22
	output/Snapmint/strategy-business-operations/Adhithya_Rokhith_Snapmint_StrategyBusinessOps.pdf	output/Snapmint/strategy-business-operations/Adhithya_Rokhith_Snapmint_StrategyBusinessOps.html	letter	2026-09-22
	output/Snap-Inc/pm-business-experience/Adhithya_Rokhith_SnapInc_PMBusinessExperience.pdf	output/Snap-Inc/pm-business-experience/Adhithya_Rokhith_SnapInc_PMBusinessExperience.html	letter	2026-09-22
	output/Snap-Inc/pm-business-experience/CoverLetter_SnapInc_PMBusinessExperience.pdf	output/Snap-Inc/pm-business-experience/CoverLetter_SnapInc_PMBusinessExperience.html	letter	2026-09-22
	output/Nilah-Advisors/chief-of-staff/CoverLetter_NilahAdvisors_ChiefOfStaff.pdf	output/Nilah-Advisors/chief-of-staff/CoverLetter_NilahAdvisors_ChiefOfStaff.html	letter	2026-09-22
	output/Nilah-Advisors/chief-of-staff/Adhithya_Rokhith_NilahAdvisors_ChiefOfStaff.pdf	output/Nilah-Advisors/chief-of-staff/Adhithya_Rokhith_NilahAdvisors_ChiefOfStaff.html	letter	2026-09-22
	output/Lagrange-Point-International/chief-of-staff/CoverLetter_LagrangePoint_ChiefOfStaff.pdf	output/Lagrange-Point-International/chief-of-staff/CoverLetter_LagrangePoint_ChiefOfStaff.html	letter	2026-09-22
	output/Lagrange-Point-International/chief-of-staff/Adhithya_Rokhith_LagrangePoint_ChiefOfStaff.pdf	output/Lagrange-Point-International/chief-of-staff/Adhithya_Rokhith_LagrangePoint_ChiefOfStaff.html	letter	2026-09-22
	output/Baseten/pmm-training/CoverLetter_Baseten_PMMTraining.pdf	output/Baseten/pmm-training/CoverLetter_Baseten_PMMTraining.html	letter	2026-09-22
	output/Baseten/pmm-training/Adhithya_Rokhith_Baseten_PMMTraining.pdf	output/Baseten/pmm-training/Adhithya_Rokhith_Baseten_PMMTraining.html	letter	2026-09-22
	output/Artisan-Partners/competitive-intelligence-associate/CoverLetter_ArtisanPartners_CompetitiveIntelligenceAssociate.pdf	output/Artisan-Partners/competitive-intelligence-associate/CoverLetter_ArtisanPartners_CompetitiveIntelligenceAssociate.html	letter	2026-09-22
	output/Artisan-Partners/competitive-intelligence-associate/Adhithya_Rokhith_ArtisanPartners_CompetitiveIntelligenceAssociate.pdf	output/Artisan-Partners/competitive-intelligence-associate/Adhithya_Rokhith_ArtisanPartners_CompetitiveIntelligenceAssociate.html	letter	2026-09-22
	output/Veeva-Systems/pmm-sr-manager-commercial-content/CoverLetter_VeevaSystems_PMMSrManagerCommercialContent.pdf	output/Veeva-Systems/pmm-sr-manager-commercial-content/CoverLetter_VeevaSystems_PMMSrManagerCommercialContent.html	letter	2026-09-22
	output/Veeva-Systems/pmm-sr-manager-commercial-content/Adhithya_Rokhith_VeevaSystems_PMMSrManagerCommercialContent.pdf	output/Veeva-Systems/pmm-sr-manager-commercial-content/Adhithya_Rokhith_VeevaSystems_PMMSrManagerCommercialContent.html	letter	2026-09-22
	output/Hevo-Data/strategy-and-ops-founders-office/CoverLetter_HevoData_StrategyOpsFoundersOffice.pdf	output/Hevo-Data/strategy-and-ops-founders-office/CoverLetter_HevoData_StrategyOpsFoundersOffice.html	letter	2026-09-22
	output/Hevo-Data/strategy-and-ops-founders-office/Adhithya_Rokhith_HevoData_StrategyOpsFoundersOffice.pdf	output/Hevo-Data/strategy-and-ops-founders-office/Adhithya_Rokhith_HevoData_StrategyOpsFoundersOffice.html	letter	2026-09-22
266	output/Blacksmith-Agency/growth-marketing-manager-remote-wa/Adhithya_Rokhith_BlacksmithAgency_GrowthMktgMgr.pdf	output/Blacksmith-Agency/growth-marketing-manager-remote-wa/Adhithya_Rokhith_BlacksmithAgency_GrowthMktgMgr.html	letter	2026-09-25
266	output/Blacksmith-Agency/growth-marketing-manager-remote-wa/CoverLetter_BlacksmithAgency_GrowthMktgMgr.pdf	output/Blacksmith-Agency/growth-marketing-manager-remote-wa/CoverLetter_BlacksmithAgency_GrowthMktgMgr.html	letter	2026-09-25
	output/Twilio/product-manager-journeys-coordination/CoverLetter_Twilio_PMJourneys.pdf	output/Twilio/product-manager-journeys-coordination/CoverLetter_Twilio_PMJourneys.html	letter	2026-09-25
	output/Twilio/product-manager-journeys-coordination/Adhithya_Rokhith_Twilio_PMJourneys.pdf	output/Twilio/product-manager-journeys-coordination/Adhithya_Rokhith_Twilio_PMJourneys.html	letter	2026-09-25
	output/Poshmark/growth-product-manager-marketing-technology/Adhithya_Rokhith_Poshmark_GrowthPMMartech.pdf	output/Poshmark/growth-product-manager-marketing-technology/Adhithya_Rokhith_Poshmark_GrowthPMMartech.html	letter	2026-09-27
	output/Poshmark/growth-product-manager-marketing-technology/CoverLetter_Poshmark_GrowthPMMartech.pdf	output/Poshmark/growth-product-manager-marketing-technology/CoverLetter_Poshmark_GrowthPMMartech.html	letter	2026-09-27
	output/Hover/growth-marketing-manager/CoverLetter_Hover_GrowthMktgMgr.pdf	output/Hover/growth-marketing-manager/CoverLetter_Hover_GrowthMktgMgr.html	letter	2026-09-27
	output/Hover/growth-marketing-manager/Adhithya_Rokhith_Hover_GrowthMktgMgr.pdf	output/Hover/growth-marketing-manager/Adhithya_Rokhith_Hover_GrowthMktgMgr.html	letter	2026-09-27
	output/Pomo/chief-of-staff-to-the-ceo/Adhithya_Rokhith_Pomo_ChiefOfStaff.pdf	output/Pomo/chief-of-staff-to-the-ceo/Adhithya_Rokhith_Pomo_ChiefOfStaff.html	letter	2026-09-27
	output/Pomo/chief-of-staff-to-the-ceo/CoverLetter_Pomo_ChiefOfStaff.pdf	output/Pomo/chief-of-staff-to-the-ceo/CoverLetter_Pomo_ChiefOfStaff.html	letter	2026-09-27
	output/Poshmark/senior-growth-product-manager/Adhithya_Rokhith_Poshmark_SrGrowthPM.pdf	output/Poshmark/senior-growth-product-manager/Adhithya_Rokhith_Poshmark_SrGrowthPM.html	letter	2026-09-27
	output/Poshmark/senior-growth-product-manager/CoverLetter_Poshmark_SrGrowthPM.pdf	output/Poshmark/senior-growth-product-manager/CoverLetter_Poshmark_SrGrowthPM.html	letter	2026-09-27
	output/Poshmark/product-manager-lifecycle/CoverLetter_Poshmark_PMLifecycle.pdf	output/Poshmark/product-manager-lifecycle/CoverLetter_Poshmark_PMLifecycle.html	letter	2026-09-27
	output/Poshmark/product-manager-lifecycle/Adhithya_Rokhith_Poshmark_PMLifecycle.pdf	output/Poshmark/product-manager-lifecycle/Adhithya_Rokhith_Poshmark_PMLifecycle.html	letter	2026-09-27
	output/Forward-Financing/senior-sales-operations-analyst/CoverLetter_ForwardFinancing_SrSalesOpsAnalyst.pdf	output/Forward-Financing/senior-sales-operations-analyst/CoverLetter_ForwardFinancing_SrSalesOpsAnalyst.html	letter	2026-09-27
	output/Forward-Financing/senior-sales-operations-analyst/Adhithya_Rokhith_ForwardFinancing_SrSalesOpsAnalyst.pdf	output/Forward-Financing/senior-sales-operations-analyst/Adhithya_Rokhith_ForwardFinancing_SrSalesOpsAnalyst.html	letter	2026-09-27
	output/PagerDuty/deal-desk-specialist/Adhithya_Rokhith_PagerDuty_DealDeskSpecialist.pdf	output/PagerDuty/deal-desk-specialist/Adhithya_Rokhith_PagerDuty_DealDeskSpecialist.html	letter	2026-09-27
	output/PagerDuty/deal-desk-specialist/CoverLetter_PagerDuty_DealDeskSpecialist.pdf	output/PagerDuty/deal-desk-specialist/CoverLetter_PagerDuty_DealDeskSpecialist.html	letter	2026-09-27
	output/Perplexity/demand-generation-lead/CoverLetter_Perplexity_DemandGenLead.pdf	output/Perplexity/demand-generation-lead/CoverLetter_Perplexity_DemandGenLead.html	letter	2026-09-27
	output/Perplexity/demand-generation-lead/Adhithya_Rokhith_Perplexity_DemandGenLead.pdf	output/Perplexity/demand-generation-lead/Adhithya_Rokhith_Perplexity_DemandGenLead.html	letter	2026-09-27
	output/Perplexity/gtm-strategy-operations-lead/CoverLetter_Perplexity_GTMStrategyOpsLead.pdf	output/Perplexity/gtm-strategy-operations-lead/CoverLetter_Perplexity_GTMStrategyOpsLead.html	letter	2026-09-27
	output/Perplexity/gtm-strategy-operations-lead/Adhithya_Rokhith_Perplexity_GTMStrategyOpsLead.pdf	output/Perplexity/gtm-strategy-operations-lead/Adhithya_Rokhith_Perplexity_GTMStrategyOpsLead.html	letter	2026-09-27
	output/Poshmark/sr-manager-product-marketing-posh-live/Adhithya_Rokhith_Poshmark_SrMgrPMM_PoshLive.pdf	output/Poshmark/sr-manager-product-marketing-posh-live/Adhithya_Rokhith_Poshmark_SrMgrPMM_PoshLive.html	letter	2026-09-27
	output/Poshmark/sr-manager-product-marketing-posh-live/CoverLetter_Poshmark_SrMgrPMM_PoshLive.pdf	output/Poshmark/sr-manager-product-marketing-posh-live/CoverLetter_Poshmark_SrMgrPMM_PoshLive.html	letter	2026-09-27
	output/PagerDuty/senior-competitive-intelligence-manager/Adhithya_Rokhith_PagerDuty_SrCompetitiveIntelMgr.pdf	output/PagerDuty/senior-competitive-intelligence-manager/Adhithya_Rokhith_PagerDuty_SrCompetitiveIntelMgr.html	letter	2026-09-27
	output/PagerDuty/senior-competitive-intelligence-manager/CoverLetter_PagerDuty_SrCompetitiveIntelMgr.pdf	output/PagerDuty/senior-competitive-intelligence-manager/CoverLetter_PagerDuty_SrCompetitiveIntelMgr.html	letter	2026-09-27
	output/Lumin-Digital/product-marketing-manager/CoverLetter_LuminDigital_PMM.pdf	output/Lumin-Digital/product-marketing-manager/CoverLetter_LuminDigital_PMM.html	letter	2026-09-27
	output/Lumin-Digital/product-marketing-manager/Adhithya_Rokhith_LuminDigital_PMM.pdf	output/Lumin-Digital/product-marketing-manager/Adhithya_Rokhith_LuminDigital_PMM.html	letter	2026-09-27
	output/KLA/sales-operations-analyst/Adhithya_Rokhith_KLA_SalesOpsAnalyst.pdf	output/KLA/sales-operations-analyst/Adhithya_Rokhith_KLA_SalesOpsAnalyst.html	letter	2026-09-27
	output/KLA/sales-operations-analyst/CoverLetter_KLA_SalesOpsAnalyst.pdf	output/KLA/sales-operations-analyst/CoverLetter_KLA_SalesOpsAnalyst.html	letter	2026-09-27
